sample-id	forward-absolute-filepath	reverse-absolute-filepath
sample-001	/home/qiime2/sample001_R1.fastq.gz	/home/qiime2/sample001_R2.fastq.gz
sample-002	/home/qiime2/sample002_R1.fastq.gz	/home/qiime2/sample002_R2.fastq.gz
sample-003	/home/qiime2/sample003_R1.fastq.gz	/home/qiime2/sample003_R2.fastq.gz
sample-004	/home/qiime2/sample004_R1.fastq.gz	/home/qiime2/sample004_R2.fastq.gz
sample-005	/home/qiime2/sample005_R1.fastq.gz	/home/qiime2/sample005_R2.fastq.gz
sample-006	/home/qiime2/sample006_R1.fastq.gz	/home/qiime2/sample006_R2.fastq.gz
sample-007	/home/qiime2/sample007_R1.fastq.gz	/home/qiime2/sample007_R2.fastq.gz
sample-008	/home/qiime2/sample008_R1.fastq.gz	/home/qiime2/sample008_R2.fastq.gz
sample-009	/home/qiime2/sample009_R1.fastq.gz	/home/qiime2/sample009_R2.fastq.gz
sample-010	/home/qiime2/sample010_R1.fastq.gz	/home/qiime2/sample010_R2.fastq.gz
sample-011	/home/qiime2/sample011_R1.fastq.gz	/home/qiime2/sample011_R2.fastq.gz
