sample-id	forward-absolute-filepath	reverse-absolute-filepath
sample-001	$DATOS/sample001_R1.fastq.gz	$DATOS/sample001_R2.fastq.gz
sample-002	$DATOS/sample002_R1.fastq.gz	$DATOS/sample002_R2.fastq.gz
sample-003	$DATOS/sample003_R1.fastq.gz	$DATOS/sample003_R2.fastq.gz
sample-004	$DATOS/sample004_R1.fastq.gz	$DATOS/sample004_R2.fastq.gz
sample-005	$DATOS/sample005_R1.fastq.gz	$DATOS/sample005_R2.fastq.gz
sample-006	$DATOS/sample006_R1.fastq.gz	$DATOS/sample006_R2.fastq.gz
sample-007	$DATOS/sample007_R1.fastq.gz	$DATOS/sample007_R2.fastq.gz
sample-008	$DATOS/sample008_R1.fastq.gz	$DATOS/sample008_R2.fastq.gz
sample-009	$DATOS/sample009_R1.fastq.gz	$DATOS/sample009_R2.fastq.gz
sample-010	$DATOS/sample010_R1.fastq.gz	$DATOS/sample010_R2.fastq.gz
sample-011	$DATOS/sample011_R1.fastq.gz	$DATOS/sample011_R2.fastq.gz
